{
  "D": 7,
  "ray_alpha_requested": -0.3330333333333333,
  "ray_alpha_certified": -0.33299763822752015,
  "c_cert": 23.17225445416051,
  "c_cert_exact": "118449254407702708994395974385009/5111684520900619925696652238137",
  "alpha3_exact": "-1134785915216052803784694388747/3407789680600413283797768158758",
  "functional": [
    "120051174898111749075840581525000/5111684520900619925696652238137",
    "483087459288450724591297814400000/1703894840300206641898884079379",
    "-426873395780032494671555186100000/1703894840300206641898884079379",
    "-1703687530072375237107057096744988/1703894840300206641898884079379",
    "764614742186878395047717732250000/1703894840300206641898884079379",
    "1703751867963346863359770941137500/1703894840300206641898884079379",
    "-775223972559333904075138670000000/1703894840300206641898884079379",
    "936713706954683192865515655470000000/24858121825139714698662819834060231",
    "-3153426760759100718157246765283500000/7706716362677834641308652691031217",
    "1703687530072375237107057096744988/1703894840300206641898884079379",
    "-11198149139528424004768175051888175000/59948132166282170281928438564791357",
    "-1703687530072375237107057096744988/1703894840300206641898884079379",
    "-2326873494870434185690780170445665625/6195361639331551349944342512622044",
    "69851406762929115964425995954745000/69859688452308472317854247254539",
    "542528242679852656444248492360900000/3862729602960568457184770207952193",
    "-1703783211850808440104713203255012/1703894840300206641898884079379",
    "493288962240875494496125457550130000/611698247667774184441699384497061",
    "1703783211850808440104713203255012/1703894840300206641898884079379",
    "3980253114131040256775543900937315000/9403795623616840456639941234092701",
    "-1703783211850808440104713203255012/1703894840300206641898884079379",
    "-1703783211850808440104713203255012/1703894840300206641898884079379",
    "16759453344293482833443432919059140000/31670293396659940852974558383417473"
  ],
  "powers": [
    2,
    3,
    4,
    5,
    6,
    7,
    8
  ],
  "statement": "g_2 + (-1134785915216052803784694388747/3407789680600413283797768158758) g_3 M^2 + (118449254407702708994395974385009/5111684520900619925696652238137) 8piG/M^2 >= 0",
  "scope": "UV-completable scalar+gravity EFTs in D=7 with all spins J <= 40 (exact audit; Bessel closure imposed in shaping)",
  "refine_iterations": 1,
  "wall_s": 1155.0,
  "config": {
    "powers": [
      2,
      3,
      4,
      5,
      6,
      7,
      8
    ],
    "x4_powers": [
      0,
      1,
      2,
      3,
      4,
      5,
      6
    ],
    "x6_powers": [
      0,
      1,
      2,
      3,
      4,
      5,
      6,
      7
    ],
    "p_max": "1",
    "j_audit": 40,
    "delta_base": 2.3400000000000003e-05,
    "max_refine": 6,
    "ray_alpha_requested": -0.3330333333333333
  },
  "recorded_c": 23.17225445416051,
  "reproduces_campaign": true
}