{
  "c_cert": 3.013573408191174,
  "c_cert_exact": "723814389000578626807240249608827159491797563702048/240184754429138374183295825629012011327022547950765",
  "statement": "g_0 <= (723814389000578626807240249608827159491797563702048/240184754429138374183295825629012011327022547950765) * 8piG/M^6",
  "scope": "D=10 susy-reduced gravity, spins J <= 40; ADDITIONAL AXIOM: s^2 M -> 0 Regge (CMRS Sec 3.8)",
  "string_value": 2.404113806,
  "cmrs_value": 3.0,
  "iterations": 0,
  "wall_s": 1835.7,
  "config": {
    "f_powers": [
      2,
      3,
      4,
      6,
      9,
      12,
      16
    ],
    "h_powers": [
      0,
      2,
      4,
      7,
      10
    ],
    "e_powers": [
      0,
      2,
      3,
      4,
      6,
      7,
      8
    ],
    "x4_powers": [
      0,
      2,
      3,
      4,
      6,
      7,
      8
    ],
    "x6_powers": [
      0,
      3,
      4,
      5,
      6,
      7,
      8
    ],
    "k_powers": [],
    "e1_powers": [],
    "p_max": "1",
    "cap": 19700.0,
    "give": 0.0271,
    "max_refine": 5
  },
  "viability_rows": false,
  "recorded_c": 3.013573408191174,
  "reproduces_campaign": true
}