{
 "scan": {
  "42": {
   "min": 4.774590478436039,
   "at_m2": 33.909677419354836,
   "at_b": 14.42505430772522
  },
  "44": {
   "min": 4.78701875049137,
   "at_m2": 37.21606319947333,
   "at_b": 14.425054307725222
  },
  "46": {
   "min": 4.831521873051315,
   "at_m2": 40.67623436471362,
   "at_b": 14.42505430772522
  },
  "48": {
   "min": 4.913226879930335,
   "at_m2": 44.290190915075705,
   "at_b": 14.42505430772522
  },
  "50": {
   "min": 4.906556443531372,
   "at_m2": 47.10008817550837,
   "at_b": 14.570992676622014
  },
  "52": {
   "min": 5.011140089765831,
   "at_m2": 49.17387158755965,
   "at_b": 14.830853260019655
  },
  "54": {
   "min": 5.170312658435705,
   "at_m2": 52.02343647136274,
   "at_b": 14.973531382623827
  },
  "56": {
   "min": 5.1479006485838,
   "at_m2": 55.9483870967742,
   "at_b": 14.973531382623829
  },
  "58": {
   "min": 5.052990933269939,
   "at_m2": 61.45375621420156,
   "at_b": 14.797344083658654
  },
  "60": {
   "min": 5.133561184763039,
   "at_m2": 64.22646477946017,
   "at_b": 14.973531382623827
  },
  "62": {
   "min": 5.145031787068092,
   "at_m2": 68.5795918367347,
   "at_b": 14.973531382623827
  },
  "64": {
   "min": 5.171459767883334,
   "at_m2": 73.0754443712969,
   "at_b": 14.97353138262383
  },
  "66": {
   "min": 5.214936628572104,
   "at_m2": 77.71402238314681,
   "at_b": 14.973531382623827
  },
  "68": {
   "min": 5.262764525703005,
   "at_m2": 81.85509951593805,
   "at_b": 15.031974762686591
  },
  "70": {
   "min": 5.36215869031912,
   "at_m2": 87.41935483870968,
   "at_b": 14.973531382623829
  },
  "72": {
   "min": 5.470836258668896,
   "at_m2": 92.48610928242267,
   "at_b": 14.973531382623827
  },
  "74": {
   "min": 5.606423994512625,
   "at_m2": 97.69558920342331,
   "at_b": 14.973531382623829
  },
  "76": {
   "min": 5.771752303857738,
   "at_m2": 103.04779460171166,
   "at_b": 14.973531382623829
  },
  "78": {
   "min": 5.631916101137904,
   "at_m2": 107.20156831370261,
   "at_b": 15.066904268647301
  },
  "80": {
   "min": 5.659178137009803,
   "at_m2": 110.46120145962675,
   "at_b": 15.223520673747359
  },
  "84": {
   "min": 6.792080190272827,
   "at_m2": 125.88387096774193,
   "at_b": 14.97353138262383
  },
  "90": {
   "min": 6.773612726264673,
   "at_m2": 142.50070321270732,
   "at_b": 15.078703493157795
  },
  "96": {
   "min": 7.01986071553938,
   "at_m2": 154.0874586451331,
   "at_b": 15.467409459069371
  },
  "102": {
   "min": 8.508163242089722,
   "at_m2": 171.23107307439102,
   "at_b": 15.589740215924062
  },
  "108": {
   "min": 7.75549529438149,
   "at_m2": 200.46839396121516,
   "at_b": 15.255652781624942
  },
  "114": {
   "min": 9.04438317696713,
   "at_m2": 214.36271114794044,
   "at_b": 15.572567658226598
  },
  "120": {
   "min": 9.794130315138318,
   "at_m2": 236.99802501645817,
   "at_b": 15.589740215924062
  },
  "126": {
   "min": 10.360893334831417,
   "at_m2": 261.2903225806451,
   "at_b": 15.589740215924062
  },
  "132": {
   "min": 9.878232148595089,
   "at_m2": 291.63335229569003,
   "at_b": 15.459140057620099
  },
  "138": {
   "min": 11.774958526750197,
   "at_m2": 313.42988808426594,
   "at_b": 15.589740215924062
  },
  "144": {
   "min": 12.652973045691397,
   "at_m2": 341.2771560236999,
   "at_b": 15.58974021592406
  },
  "150": {
   "min": 11.805357230085065,
   "at_m2": 204.1075900569873,
   "at_b": 20.99866461895327
  },
  "156": {
   "min": 11.82928903926586,
   "at_m2": 213.56567972394373,
   "at_b": 21.349556752373175
  },
  "162": {
   "min": 12.825572598507279,
   "at_m2": 18.203291886506474,
   "at_b": 75.93990398779557
  },
  "168": {
   "min": 10.879577416519169,
   "at_m2": 18.61821021510762,
   "at_b": 77.87002472985314
  },
  "174": {
   "min": 8.941382083488861,
   "at_m2": 19.02753002229977,
   "at_b": 79.77889854892493
  },
  "180": {
   "min": 7.018989648575371,
   "at_m2": 19.431516141483968,
   "at_b": 81.66748039107964
  },
  "186": {
   "min": 5.109078975241573,
   "at_m2": 19.83041251489688,
   "at_b": 83.53665201472047
  },
  "192": {
   "min": 3.218762409000192,
   "at_m2": 20.22444445918289,
   "at_b": 85.38722977109624
  },
  "198": {
   "min": 1.3512488537962781,
   "at_m2": 20.613820622445377,
   "at_b": 87.21997134114642
  },
  "204": {
   "min": -0.4906568397564115,
   "at_m2": 20.998734682832332,
   "at_b": 89.03558159597496
  },
  "210": {
   "min": -2.301778528635623,
   "at_m2": 21.37936682936242,
   "at_b": 90.83471771730854
  },
  "216": {
   "min": -4.085358973869006,
   "at_m2": 21.75588505830987,
   "at_b": 92.61799368980131
  },
  "222": {
   "min": -5.836481778591406,
   "at_m2": 22.12844631258846,
   "at_b": 94.38598425750581
  },
  "228": {
   "min": -7.553359556404757,
   "at_m2": 22.497197486862852,
   "at_b": 96.13922842114103
  },
  "234": {
   "min": -9.234293754823739,
   "at_m2": 22.862276317316052,
   "at_b": 97.87823254010442
  },
  "240": {
   "min": -10.875560193599085,
   "at_m2": 23.223812171917608,
   "at_b": 99.60347309286287
  }
 },
 "audited_past40": {
  "62": true,
  "64": true,
  "66": true,
  "68": true,
  "70": true,
  "72": true,
  "74": true,
  "76": true,
  "78": true,
  "80": true,
  "82": true,
  "84": true,
  "86": true,
  "88": true,
  "90": true,
  "92": true,
  "94": true,
  "96": true,
  "98": true,
  "100": true,
  "102": true,
  "104": true,
  "106": true,
  "108": true,
  "110": true,
  "112": true,
  "114": true,
  "116": true,
  "118": true,
  "120": true
 }
}