{
 "scan": {
  "42": {
   "min": 1.2695065082020847,
   "at_m2": 36.34838709677419,
   "at_b": 13.932745808016406
  },
  "44": {
   "min": 1.160741792643421,
   "at_m2": 40.9289735273155,
   "at_b": 13.755210650841056
  },
  "46": {
   "min": 1.1967747678745582,
   "at_m2": 43.601579986833435,
   "at_b": 13.932745808016406
  },
  "48": {
   "min": 1.18429611421152,
   "at_m2": 47.4754443712969,
   "at_b": 13.932745808016405
  },
  "50": {
   "min": 1.192800079828885,
   "at_m2": 51.514154048716264,
   "at_b": 13.932745808016405
  },
  "52": {
   "min": 1.226656666476174,
   "at_m2": 55.717709019091515,
   "at_b": 13.932745808016405
  },
  "54": {
   "min": 1.2906654712101044,
   "at_m2": 60.086109282422655,
   "at_b": 13.932745808016405
  },
  "56": {
   "min": 1.390038755741898,
   "at_m2": 64.61935483870968,
   "at_b": 13.932745808016405
  },
  "58": {
   "min": 1.2890629610787983,
   "at_m2": 68.11804012803283,
   "at_b": 14.054872725450583
  },
  "60": {
   "min": 1.4252282615707372,
   "at_m2": 70.83802899960916,
   "at_b": 14.257652044277977
  },
  "62": {
   "min": 1.9221966190007151,
   "at_m2": 73.89387755102042,
   "at_b": 14.425054307725217
  },
  "64": {
   "min": 1.8981650695545795,
   "at_m2": 78.7381171823568,
   "at_b": 14.42505430772522
  },
  "66": {
   "min": 1.6916629242541603,
   "at_m2": 87.97647296337107,
   "at_b": 14.073128649619349
  },
  "68": {
   "min": 1.435573263288461,
   "at_m2": 91.13923796928387,
   "at_b": 14.245779300253458
  },
  "70": {
   "min": 1.7996941657470416,
   "at_m2": 94.31908345157115,
   "at_b": 14.415451515795317
  },
  "72": {
   "min": 1.829393316516871,
   "at_m2": 99.65292955892036,
   "at_b": 14.425054307725217
  },
  "74": {
   "min": 1.8250426269264608,
   "at_m2": 105.26609611586571,
   "at_b": 14.425054307725219
  },
  "76": {
   "min": 1.8285839403470163,
   "at_m2": 111.03304805793286,
   "at_b": 14.425054307725217
  },
  "78": {
   "min": 1.8415682598470084,
   "at_m2": 116.95378538512179,
   "at_b": 14.425054307725219
  },
  "80": {
   "min": 1.796564237713028,
   "at_m2": 123.55422875695352,
   "at_b": 14.394320740452633
  },
  "84": {
   "min": 1.9541516168333146,
   "at_m2": 135.63870967741934,
   "at_b": 14.42505430772522
  },
  "90": {
   "min": 2.2168771503920652,
   "at_m2": 155.70770243581308,
   "at_b": 14.425054307725219
  },
  "96": {
   "min": 2.687244607440334,
   "at_m2": 177.16076366030282,
   "at_b": 14.42505430772522
  },
  "102": {
   "min": 3.430454286287386,
   "at_m2": 199.99789335088872,
   "at_b": 14.42505430772522
  },
  "108": {
   "min": 4.519366768876353,
   "at_m2": 224.2190915075708,
   "at_b": 14.425054307725219
  },
  "114": {
   "min": 4.8004338166347225,
   "at_m2": 242.17533307130384,
   "at_b": 14.651088581868501
  },
  "120": {
   "min": 7.061444559613847,
   "at_m2": 139.4205353144752,
   "at_b": 20.325810335119915
  },
  "126": {
   "min": 7.5946358212895575,
   "at_m2": 22.653027791233804,
   "at_b": 52.94651893298602
  },
  "132": {
   "min": 7.772247597240494,
   "at_m2": 23.407444076554434,
   "at_b": 54.566604465386966
  },
  "138": {
   "min": 7.989109752597869,
   "at_m2": 24.15178167770028,
   "at_b": 56.16095638901229
  },
  "144": {
   "min": 8.240190915181302,
   "at_m2": 24.886605134035463,
   "at_b": 57.7310769581414
  },
  "150": {
   "min": 8.53288501946372,
   "at_m2": 25.612425267988378,
   "at_b": 59.27832214989418
  },
  "156": {
   "min": 8.444930600919179,
   "at_m2": 23.100861325363198,
   "at_b": 64.91431931622785
  },
  "162": {
   "min": 8.250495232248795,
   "at_m2": 23.697853906602592,
   "at_b": 66.55650392737384
  },
  "168": {
   "min": 8.085526086957543,
   "at_m2": 24.287724738480925,
   "at_b": 68.17825183911401
  },
  "174": {
   "min": 7.950414434919367,
   "at_m2": 24.870808767412,
   "at_b": 69.78053420094022
  },
  "180": {
   "min": 7.85041270556394,
   "at_m2": 25.447414232424144,
   "at_b": 71.36424427618121
  },
  "186": {
   "min": 7.778840057653724,
   "at_m2": 26.017825610471185,
   "at_b": 72.93020606569735
  },
  "192": {
   "min": 7.737120603123913,
   "at_m2": 26.58230615272318,
   "at_b": 74.47918173036537
  },
  "198": {
   "min": 7.72640698752366,
   "at_m2": 27.14110007960749,
   "at_b": 76.01187801186317
  },
  "204": {
   "min": 7.747648561184178,
   "at_m2": 27.694434489433903,
   "at_b": 77.52895181310278
  },
  "210": {
   "min": 7.801626513784868,
   "at_m2": 28.242521025276734,
   "at_b": 79.03101506970246
  },
  "216": {
   "min": 7.8830294064682676,
   "at_m2": 28.785557336744887,
   "at_b": 80.51863902018889
  },
  "222": {
   "min": 7.995149939117255,
   "at_m2": 29.32372836686013,
   "at_b": 81.99235796373185
  },
  "228": {
   "min": 8.138172523220419,
   "at_m2": 29.85720748911585,
   "at_b": 83.452672579061
  },
  "234": {
   "min": 8.310776941041695,
   "at_m2": 30.386157515631528,
   "at_b": 84.90005286597369
  },
  "240": {
   "min": 8.51418705364631,
   "at_m2": 30.910731593937804,
   "at_b": 86.33494076089981
  }
 },
 "audited_past40": {
  "62": true,
  "64": true,
  "66": true,
  "68": true,
  "70": true,
  "72": true,
  "74": true,
  "76": true,
  "78": true,
  "80": true,
  "82": true,
  "84": true,
  "86": true,
  "88": true,
  "90": true,
  "92": true,
  "94": true,
  "96": true,
  "98": true,
  "100": true,
  "102": true,
  "104": true,
  "106": true,
  "108": true,
  "110": true,
  "112": true,
  "114": true,
  "116": true,
  "118": true,
  "120": true
 }
}