{
 "scan": {
  "42": {
   "min": 0.66833653609865,
   "at_m2": 36.34838709677419,
   "at_b": 13.932745808016406
  },
  "44": {
   "min": 0.5758286895979836,
   "at_m2": 40.9289735273155,
   "at_b": 13.755210650841056
  },
  "46": {
   "min": 0.6012481948519053,
   "at_m2": 43.601579986833435,
   "at_b": 13.932745808016406
  },
  "48": {
   "min": 0.5915482414138751,
   "at_m2": 47.4754443712969,
   "at_b": 13.932745808016405
  },
  "50": {
   "min": 0.6029707787338339,
   "at_m2": 51.514154048716264,
   "at_b": 13.932745808016405
  },
  "52": {
   "min": 0.6400218605003829,
   "at_m2": 55.717709019091515,
   "at_b": 13.932745808016405
  },
  "54": {
   "min": 0.7076442791330919,
   "at_m2": 60.086109282422655,
   "at_b": 13.932745808016405
  },
  "56": {
   "min": 0.8112005485709233,
   "at_m2": 64.61935483870968,
   "at_b": 13.932745808016405
  },
  "58": {
   "min": 0.701814943201498,
   "at_m2": 68.11804012803283,
   "at_b": 14.054872725450583
  },
  "60": {
   "min": 0.8340198352379957,
   "at_m2": 70.83802899960916,
   "at_b": 14.257652044277977
  },
  "62": {
   "min": 1.341538300762295,
   "at_m2": 73.89387755102042,
   "at_b": 14.425054307725217
  },
  "64": {
   "min": 1.3202840565272709,
   "at_m2": 78.7381171823568,
   "at_b": 14.42505430772522
  },
  "66": {
   "min": 1.1181948346902573,
   "at_m2": 87.97647296337107,
   "at_b": 14.073128649619349
  },
  "68": {
   "min": 0.8525498533272184,
   "at_m2": 91.13923796928387,
   "at_b": 14.245779300253458
  },
  "70": {
   "min": 1.2283757299537683,
   "at_m2": 94.31908345157115,
   "at_b": 14.415451515795317
  },
  "72": {
   "min": 1.2617627774270659,
   "at_m2": 99.65292955892036,
   "at_b": 14.425054307725217
  },
  "74": {
   "min": 1.2599413820935297,
   "at_m2": 105.26609611586571,
   "at_b": 14.425054307725219
  },
  "76": {
   "min": 1.2660760018952715,
   "at_m2": 111.03304805793286,
   "at_b": 14.425054307725217
  },
  "78": {
   "min": 1.2817589647793284,
   "at_m2": 116.95378538512179,
   "at_b": 14.425054307725219
  },
  "80": {
   "min": 1.2355576729005406,
   "at_m2": 123.55422875695352,
   "at_b": 14.394320740452633
  },
  "84": {
   "min": 1.4035084434726741,
   "at_m2": 135.63870967741934,
   "at_b": 14.42505430772522
  },
  "90": {
   "min": 1.6779994545340742,
   "at_m2": 155.70770243581308,
   "at_b": 14.425054307725219
  },
  "96": {
   "min": 2.164134941827797,
   "at_m2": 177.16076366030282,
   "at_b": 14.42505430772522
  },
  "102": {
   "min": 2.9286752558086846,
   "at_m2": 199.99789335088872,
   "at_b": 14.42505430772522
  },
  "108": {
   "min": 4.046203510949454,
   "at_m2": 224.2190915075708,
   "at_b": 14.425054307725219
  },
  "114": {
   "min": 4.448958391949418,
   "at_m2": 242.17533307130384,
   "at_b": 14.651088581868501
  },
  "120": {
   "min": 4.951655844102788,
   "at_m2": 24.76352042759928,
   "at_b": 48.2286437615924
  },
  "126": {
   "min": 5.129915371857351,
   "at_m2": 25.664411382860052,
   "at_b": 49.74333361556787
  },
  "132": {
   "min": 5.332796217844589,
   "at_m2": 26.553890146790486,
   "at_b": 51.231827711503804
  },
  "138": {
   "min": 5.558382159470057,
   "at_m2": 27.43261074749409,
   "at_b": 52.69574046735931
  },
  "144": {
   "min": 5.815767164895078,
   "at_m2": 28.3011630447777,
   "at_b": 54.13652137600555
  },
  "150": {
   "min": 6.107185580098303,
   "at_m2": 29.16008142814391,
   "at_b": 55.55547798737485
  },
  "156": {
   "min": 6.419127044369816,
   "at_m2": 30.009852035949784,
   "at_b": 56.95379490095334
  },
  "162": {
   "min": 6.706268332171021,
   "at_m2": 27.038871397871734,
   "at_b": 62.308992655242534
  },
  "168": {
   "min": 6.798901270376518,
   "at_m2": 27.74030830946504,
   "at_b": 63.79455841566246
  },
  "174": {
   "min": 6.918293350099702,
   "at_m2": 28.434372883581894,
   "at_b": 65.26155487350323
  },
  "180": {
   "min": 7.066847840018454,
   "at_m2": 29.12139298760592,
   "at_b": 66.71084292487546
  },
  "186": {
   "min": 7.23687783688365,
   "at_m2": 29.801671508287306,
   "at_b": 68.14321632684087
  },
  "192": {
   "min": 7.42955293385603,
   "at_m2": 30.475488996716503,
   "at_b": 69.55940892104181
  },
  "198": {
   "min": 7.647296457609627,
   "at_m2": 31.143105959585633,
   "at_b": 70.96010087952101
  },
  "204": {
   "min": 7.890236632170854,
   "at_m2": 31.804764853297623,
   "at_b": 72.34592413061247
  },
  "210": {
   "min": 8.157114957793965,
   "at_m2": 32.46069182704503,
   "at_b": 73.71746709341244
  },
  "216": {
   "min": 8.44386092775676,
   "at_m2": 33.111098252711095,
   "at_b": 75.0752788261122
  },
  "222": {
   "min": 8.75362661582767,
   "at_m2": 33.756182072847714,
   "at_b": 76.41987267497193
  },
  "228": {
   "min": 9.086848266859306,
   "at_m2": 34.396128992682875,
   "at_b": 77.75172949587628
  },
  "234": {
   "min": 9.441581533959834,
   "at_m2": 35.031113537824474,
   "at_b": 79.07130050843176
  },
  "240": {
   "min": 9.817641419183929,
   "at_m2": 35.66129999583963,
   "at_b": 80.37900983283848
  }
 },
 "audited_past40": {
  "42": true,
  "44": true,
  "46": true,
  "48": false
 }
}