{
 "cG": 2.965141246567263,
 "tail_min_wEJ": {
  "40": 0.1598781248275654,
  "42": -0.37581768488625755,
  "44": -1.2158149648775356,
  "46": -2.09914789950737,
  "48": -3.021945208581655,
  "50": -3.9878289789047323,
  "52": -755818912.7306843,
  "54": -2825434402.730156,
  "56": -7073552745.044041
 }
}