{
 "scan": {
  "42": {
   "min": 1.8043571569555752,
   "at_m2": 36.34838709677419,
   "at_b": 13.932745808016406
  },
  "44": {
   "min": 1.7191855965302238,
   "at_m2": 40.9289735273155,
   "at_b": 13.755210650841056
  },
  "46": {
   "min": 1.7552763579847124,
   "at_m2": 43.601579986833435,
   "at_b": 13.932745808016406
  },
  "48": {
   "min": 1.759982257945012,
   "at_m2": 47.4754443712969,
   "at_b": 13.932745808016405
  },
  "50": {
   "min": 1.789922583725911,
   "at_m2": 51.514154048716264,
   "at_b": 13.932745808016405
  },
  "52": {
   "min": 1.8499952967054014,
   "at_m2": 55.717709019091515,
   "at_b": 13.932745808016405
  },
  "54": {
   "min": 1.9455481822865295,
   "at_m2": 60.086109282422655,
   "at_b": 13.932745808016405
  },
  "56": {
   "min": 2.0823645462528475,
   "at_m2": 64.61935483870968,
   "at_b": 13.932745808016405
  },
  "58": {
   "min": 1.971047572005773,
   "at_m2": 68.11804012803283,
   "at_b": 14.054872725450583
  },
  "60": {
   "min": 2.0656312788810283,
   "at_m2": 70.83802899960916,
   "at_b": 14.257652044277977
  },
  "62": {
   "min": 2.536334236980565,
   "at_m2": 73.89387755102042,
   "at_b": 14.425054307725217
  },
  "64": {
   "min": 2.532160179111088,
   "at_m2": 78.7381171823568,
   "at_b": 14.42505430772522
  },
  "66": {
   "min": 2.5331442476940538,
   "at_m2": 83.73614219881502,
   "at_b": 14.42505430772522
  },
  "68": {
   "min": 2.224626229898604,
   "at_m2": 91.13923796928387,
   "at_b": 14.245779300253458
  },
  "70": {
   "min": 2.521188036256717,
   "at_m2": 94.31908345157115,
   "at_b": 14.415451515795317
  },
  "72": {
   "min": 2.5812843729395354,
   "at_m2": 99.65292955892036,
   "at_b": 14.425054307725217
  },
  "74": {
   "min": 2.6177197598749444,
   "at_m2": 105.26609611586571,
   "at_b": 14.425054307725219
  },
  "76": {
   "min": 2.667297505686747,
   "at_m2": 111.03304805793286,
   "at_b": 14.425054307725217
  },
  "78": {
   "min": 2.731955239793024,
   "at_m2": 116.95378538512179,
   "at_b": 14.425054307725219
  },
  "80": {
   "min": 2.7823735444735576,
   "at_m2": 123.55422875695352,
   "at_b": 14.394320740452633
  },
  "84": {
   "min": 3.03745262829716,
   "at_m2": 135.63870967741934,
   "at_b": 14.42505430772522
  },
  "90": {
   "min": 3.559060317183139,
   "at_m2": 155.70770243581308,
   "at_b": 14.425054307725219
  },
  "96": {
   "min": 4.366939642442958,
   "at_m2": 177.16076366030282,
   "at_b": 14.42505430772522
  },
  "102": {
   "min": 5.540062745744763,
   "at_m2": 199.99789335088872,
   "at_b": 14.42505430772522
  },
  "108": {
   "min": 7.134972732407732,
   "at_m2": 111.34167215273209,
   "at_b": 20.470331769627492
  },
  "114": {
   "min": 6.856573965437747,
   "at_m2": 242.17533307130384,
   "at_b": 14.651088581868501
  },
  "120": {
   "min": 8.226856512046652,
   "at_m2": 137.45885450954574,
   "at_b": 20.470331769627492
  },
  "126": {
   "min": 8.925482727804592,
   "at_m2": 151.54838709677418,
   "at_b": 20.470331769627496
  },
  "132": {
   "min": 9.742503396970278,
   "at_m2": 166.32521395655039,
   "at_b": 20.470331769627492
  },
  "138": {
   "min": 10.056093049177434,
   "at_m2": 111.36911737565714,
   "at_b": 26.153311900523036
  },
  "144": {
   "min": 10.650087158806855,
   "at_m2": 21.88401636065219,
   "at_b": 61.564303764520155
  },
  "150": {
   "min": 10.69330667147733,
   "at_m2": 22.49638190225193,
   "at_b": 63.25063889658521
  },
  "156": {
   "min": 10.773203113640193,
   "at_m2": 23.100861325363198,
   "at_b": 64.91431931622785
  },
  "162": {
   "min": 10.895450182724744,
   "at_m2": 23.697853906602592,
   "at_b": 66.55650392737384
  },
  "168": {
   "min": 11.057317943792441,
   "at_m2": 24.287724738480925,
   "at_b": 68.17825183911401
  },
  "174": {
   "min": 11.258846645709127,
   "at_m2": 24.870808767412,
   "at_b": 69.78053420094022
  },
  "180": {
   "min": 11.505027443388826,
   "at_m2": 25.447414232424144,
   "at_b": 71.36424427618121
  },
  "186": {
   "min": 11.788973812901531,
   "at_m2": 26.017825610471185,
   "at_b": 72.93020606569735
  },
  "192": {
   "min": 12.111782710897387,
   "at_m2": 26.58230615272318,
   "at_b": 74.47918173036537
  },
  "198": {
   "min": 12.47436806105543,
   "at_m2": 27.14110007960749,
   "at_b": 76.01187801186317
  },
  "204": {
   "min": 12.877496169065125,
   "at_m2": 27.694434489433903,
   "at_b": 77.52895181310278
  },
  "210": {
   "min": 13.321707801354933,
   "at_m2": 28.242521025276734,
   "at_b": 79.03101506970246
  },
  "216": {
   "min": 13.801492389815394,
   "at_m2": 28.785557336744887,
   "at_b": 80.51863902018889
  },
  "222": {
   "min": 14.319948525735526,
   "at_m2": 29.32372836686013,
   "at_b": 81.99235796373185
  },
  "228": {
   "min": 14.877107650463586,
   "at_m2": 29.85720748911585,
   "at_b": 83.452672579061
  },
  "234": {
   "min": 15.471461208173423,
   "at_m2": 30.386157515631528,
   "at_b": 84.90005286597369
  },
  "240": {
   "min": 16.10403272099211,
   "at_m2": 30.910731593937804,
   "at_b": 86.33494076089981
  }
 },
 "audited_past40": {
  "62": true,
  "64": true,
  "66": true,
  "68": true,
  "70": true,
  "72": true,
  "74": true,
  "76": true,
  "78": true,
  "80": true,
  "82": true,
  "84": true,
  "86": true,
  "88": true,
  "90": true,
  "92": true,
  "94": true,
  "96": true,
  "98": true,
  "100": true,
  "102": true,
  "104": true,
  "106": true,
  "108": true,
  "110": true,
  "112": true,
  "114": true,
  "116": true,
  "118": true,
  "120": true
 }
}