{
 "1": 2.7307314886047966,
 "33/32": 2.8843599918865053,
 "17/16": 2.7160533525101274,
 "9/8": 2.895376161634843,
 "5/4": null
}