{
 "scan": {
  "42": {
   "min": 0.2754316968735484,
   "at_m2": 35.40548669890084,
   "at_b": 14.117051585435744
  },
  "44": {
   "min": 0.32762346967335354,
   "at_m2": 37.21606319947333,
   "at_b": 14.425054307725222
  },
  "46": {
   "min": 0.2577173611431647,
   "at_m2": 40.67623436471362,
   "at_b": 14.42505430772522
  },
  "48": {
   "min": 0.20741257361119203,
   "at_m2": 45.03446902566527,
   "at_b": 14.305357307777076
  },
  "50": {
   "min": 0.19613047260476435,
   "at_m2": 48.05793285055958,
   "at_b": 14.425054307725219
  },
  "52": {
   "min": 0.2075319052156246,
   "at_m2": 51.97946017116524,
   "at_b": 14.425054307725219
  },
  "54": {
   "min": 0.25082024777815093,
   "at_m2": 56.0547728768927,
   "at_b": 14.425054307725219
  },
  "56": {
   "min": 0.26721487007258915,
   "at_m2": 59.071315142879875,
   "at_b": 14.57235366005796
  },
  "58": {
   "min": 0.4489143591626359,
   "at_m2": 64.66675444371297,
   "at_b": 14.425054307725219
  },
  "60": {
   "min": 0.6131691979321374,
   "at_m2": 69.2034233048058,
   "at_b": 14.42505430772522
  },
  "62": {
   "min": 0.69272075462586,
   "at_m2": 73.5721035091008,
   "at_b": 14.456564511705338
  },
  "64": {
   "min": 0.4541021598086985,
   "at_m2": 76.31987858000879,
   "at_b": 14.65180514288348
  },
  "66": {
   "min": 0.8831935051861066,
   "at_m2": 79.08099140413542,
   "at_b": 14.84355337917183
  },
  "68": {
   "min": 1.2652232603898463,
   "at_m2": 44.1395655036208,
   "at_b": 20.470331769627496
  },
  "70": {
   "min": 1.1641954188350803,
   "at_m2": 46.774193548387096,
   "at_b": 20.470331769627496
  },
  "72": {
   "min": 1.0933285719904076,
   "at_m2": 49.48518762343648,
   "at_b": 20.470331769627492
  },
  "74": {
   "min": 0.9272770455899462,
   "at_m2": 100.72843682623045,
   "at_b": 14.746388392725208
  },
  "76": {
   "min": 0.825742416705705,
   "at_m2": 53.546674827273485,
   "at_b": 20.77195315391044
  },
  "78": {
   "min": 0.8275032380553404,
   "at_m2": 54.975907211566685,
   "at_b": 21.039644429093922
  },
  "80": {
   "min": 1.0238568173728364,
   "at_m2": 56.405655899976,
   "at_b": 21.303877481621434
  },
  "84": {
   "min": 0.8520917089901481,
   "at_m2": 66.38273273169521,
   "at_b": 20.619670373238765
  },
  "90": {
   "min": 0.6688374921628428,
   "at_m2": 71.33200014922105,
   "at_b": 21.312299184029506
  },
  "96": {
   "min": 0.9432769901863125,
   "at_m2": 85.77796657903951,
   "at_b": 20.730670806943323
  },
  "102": {
   "min": 0.44951380622216597,
   "at_m2": 91.52902500213257,
   "at_b": 21.32311991963278
  },
  "108": {
   "min": 2.4890145989182795,
   "at_m2": 97.30396993824165,
   "at_b": 21.897194268022016
  },
  "114": {
   "min": 0.3980876498017807,
   "at_m2": 116.47853998402678,
   "at_b": 21.12573792530271
  },
  "120": {
   "min": 1.240634744360392,
   "at_m2": 123.23060403694825,
   "at_b": 21.619813989023786
  },
  "126": {
   "min": 2.304215704287466,
   "at_m2": 78.91812545780994,
   "at_b": 28.366918461144213
  },
  "132": {
   "min": 0.722501393424622,
   "at_m2": 155.2266879683258,
   "at_b": 21.189501089521634
  },
  "138": {
   "min": 1.272255817899142,
   "at_m2": 98.0498222809782,
   "at_b": 27.873125912013865
  },
  "144": {
   "min": 2.3038845698893406,
   "at_m2": 102.37420593555143,
   "at_b": 28.464084149828352
  },
  "150": {
   "min": 1.7131938495263164,
   "at_m2": 121.4806318867293,
   "at_b": 27.21872222971407
  },
  "156": {
   "min": 1.0202157157189191,
   "at_m2": 213.56567972394373,
   "at_b": 21.349556752373175
  },
  "162": {
   "min": 1.859289797212666,
   "at_m2": 131.62641989834628,
   "at_b": 28.240571138408978
  },
  "168": {
   "min": 3.137574450046401,
   "at_m2": 104.79867626138069,
   "at_b": 32.82172322469689
  },
  "174": {
   "min": 2.209940559799438,
   "at_m2": 108.4878534109068,
   "at_b": 33.410939339161466
  },
  "180": {
   "min": 1.3733848321192568,
   "at_m2": 168.1134499159935,
   "at_b": 27.765229685543755
  },
  "186": {
   "min": 1.8950927224080374,
   "at_m2": 299.72588225521446,
   "at_b": 21.4872489843838
  },
  "192": {
   "min": 2.8215067246356877,
   "at_m2": 119.54487327917737,
   "at_b": 35.12090888475874
  },
  "198": {
   "min": 2.6943177938425276,
   "at_m2": 141.39731726990286,
   "at_b": 33.30232854869823
  },
  "204": {
   "min": 1.7445554204381564,
   "at_m2": 145.74335145054016,
   "at_b": 33.796037786598134
  },
  "210": {
   "min": 1.5543387714298023,
   "at_m2": 150.0911866076185,
   "at_b": 34.28243765150654
  },
  "216": {
   "min": 2.140116901564866,
   "at_m2": 154.44077198517732,
   "at_b": 34.76184068982259
  },
  "222": {
   "min": 2.763466126303356,
   "at_m2": 119.82860850440773,
   "at_b": 40.5604450859569
  },
  "228": {
   "min": 3.0000820548065077,
   "at_m2": 122.92862213957982,
   "at_b": 41.12807054284696
  },
  "234": {
   "min": 2.740524297166644,
   "at_m2": 193.10425120209166,
   "at_b": 33.67828250437472
  },
  "240": {
   "min": 1.8635197340914402,
   "at_m2": 198.26762892452606,
   "at_b": 34.089083950028936
  }
 },
 "audited_past40": {
  "62": true,
  "64": true,
  "66": true,
  "68": true,
  "70": true,
  "72": true,
  "74": true,
  "76": true,
  "78": true,
  "80": true,
  "82": true,
  "84": true,
  "86": true,
  "88": true,
  "90": true,
  "92": true,
  "94": true,
  "96": true,
  "98": true,
  "100": true,
  "102": true,
  "104": true,
  "106": true,
  "108": true,
  "110": true,
  "112": true,
  "114": true,
  "116": true,
  "118": true,
  "120": true
 }
}